MCW Healthcare [P] Ltd.,Sainty Pharma,1
Ganta United Methodist Hosp.,Lupin Limited,1
Blessing Medicine Store,Guangdong Medicine & Health Products,0
Blessing Medicine Store,Guangdong Medicine & Health Products,0
Frances Retail Pharmacy,Lupin Limited,0
B.N. Togbah Medicine Store,Guangdong Medicine & Health Products,1
Unison Medicine Store,Lupin Limited,0
B.N. Togbah Medicine Store,Guangdong Medicine & Health Products,0
Blessing Medicine Store,Guangdong Medicine & Health Products,0
Unison Medicine Store,Guangdong Medicine & Health Products,1
A.D.D. Medicine Store,Guangdong Medicine & Health Products,1
Sis. E. Medicine Store,Guangdong Medicine & Health Products,1
B.N. Togbah Medicine Store,Lupin Limited,1
M. Swaray Family Med. Store,Lupin Limited,1
MCW Healthcare [P] Ltd.,Sainty Pharma,1
Sham Pharmacy,Guangdong Medicine & Health Products,0
By Faith Med. Store,Lupin Limited,0
MCW Healthcare [P] Ltd.,Guangdong Medicine & Health Products,0
T-Medicine Store,Lupin Limited,0
Good Neighbor Medicine Store,Guangdong Medicine & Health Products,0
Blessing Medicine Store,Guangdong Medicine & Health Products,0
Sham Pharmacy,Lupin Limited,0
Masalan Med. Store,Sainty Pharma,0
Ali's Pharmaceuticals,Guangdong Medicine & Health Products,1
Sham Pharmacy,Guangdong Medicine & Health Products,1
Ali's Pharmaceuticals,Sainty Pharma,0
Maima Medicine Store,Lupin Limited,0
Dahn Younwat's Retail Pharmacy,Guangdong Medicine & Health Products,1
Unison Medicine Store,Sainty Pharma,0
By Faith Med. Store,Lupin Limited,0
Ganta United Methodist Hosp.,Guangdong Medicine & Health Products,0
T-Medicine Store,Lupin Limited,1
A.D.D. Medicine Store,Lupin Limited,1
Masiva Medicine Store,Guangdong Medicine & Health Products,0
T-Medicine Store,Lupin Limited,1
T-Medicine Store,Sainty Pharma,1
A.D.D. Medicine Store,Lupin Limited,0
T-Medicine Store,Lupin Limited,1
Sis. E. Medicine Store,Guangdong Medicine & Health Products,0
Unison Medicine Store,Guangdong Medicine & Health Products,0
Masiva Medicine Store,Lupin Limited,0
Sham Pharmacy,Lupin Limited,1
Ganta United Methodist Hosp.,Guangdong Medicine & Health Products,0
Frances Retail Pharmacy,Guangdong Medicine & Health Products,1
Sis. E. Medicine Store,Guangdong Medicine & Health Products,0
Frances Retail Pharmacy,Lupin Limited,1
Turedoh Medicine Store,Guangdong Medicine & Health Products,1
Maima Medicine Store,Lupin Limited,0
J.B. Medicine Store,Guangdong Medicine & Health Products,1
Maima Medicine Store,Guangdong Medicine & Health Products,1
MCW Healthcare [P] Ltd.,Guangdong Medicine & Health Products,0
Lofa Medicine Store,Sainty Pharma,0
Unison Medicine Store,Guangdong Medicine & Health Products,0
Lemu Medicine Store,Sainty Pharma,0
MCW Healthcare [P] Ltd.,Guangdong Medicine & Health Products,1
Blessing Medicine Store,Guangdong Medicine & Health Products,0
Ganta United Methodist Hosp.,Guangdong Medicine & Health Products,1
By Faith Med. Store,Lupin Limited,1
T-Medicine Store,Lupin Limited,1
Sis. E. Medicine Store,Guangdong Medicine & Health Products,0
Masalan Med. Store,Lupin Limited,1
Frances Retail Pharmacy,Lupin Limited,0
Lemu Medicine Store,Sainty Pharma,1
M. Swaray Family Med. Store,Sainty Pharma,0
MCW Healthcare [P] Ltd.,Guangdong Medicine & Health Products,1
Ganta United Methodist Hosp.,Lupin Limited,0
Unison Medicine Store,Guangdong Medicine & Health Products,0
Lemu Medicine Store,Sainty Pharma,1
Good Neighbor Medicine Store,Guangdong Medicine & Health Products,0
Masiva Medicine Store,Lupin Limited,0
T-Medicine Store,Lupin Limited,0
T-Medicine Store,Lupin Limited,1
Sham Pharmacy,Guangdong Medicine & Health Products,1
M. Swaray Family Med. Store,Lupin Limited,0
Ali's Pharmaceuticals,Sainty Pharma,0
Dahn Younwat's Retail Pharmacy,Lupin Limited,1
MCW Healthcare [P] Ltd.,Sainty Pharma,1
Sham Pharmacy,Sainty Pharma,1
Masalan Med. Store,Sainty Pharma,1
J.B. Medicine Store,Sainty Pharma,1
Ganta United Methodist Hosp.,Guangdong Medicine & Health Products,1
Ganta United Methodist Hosp.,Sainty Pharma,1
Sham Pharmacy,Guangdong Medicine & Health Products,0
Sis. E. Medicine Store,Guangdong Medicine & Health Products,0
By Faith Med. Store,Lupin Limited,1
Lofa Medicine Store,Sainty Pharma,1
Good Neighbor Medicine Store,Sainty Pharma,1
My Vision Medicine Store,Lupin Limited,0
By Faith Med. Store,Sainty Pharma,1
Maima Medicine Store,Guangdong Medicine & Health Products,0
T-Medicine Store,Lupin Limited,1
B.N. Togbah Medicine Store,Guangdong Medicine & Health Products,1
Unison Medicine Store,Guangdong Medicine & Health Products,1
Sham Pharmacy,Guangdong Medicine & Health Products,0
Turedoh Medicine Store,Guangdong Medicine & Health Products,1
Masalan Med. Store,Guangdong Medicine & Health Products,1
Lemu Medicine Store,Sainty Pharma,1
Good Neighbor Medicine Store,Guangdong Medicine & Health Products,1
Unison Medicine Store,Sainty Pharma,1
A.D.D. Medicine Store,Lupin Limited,1
T-Medicine Store,Lupin Limited,0
B.N. Togbah Medicine Store,Guangdong Medicine & Health Products,1
A.D.D. Medicine Store,Lupin Limited,1
T-Medicine Store,Lupin Limited,1
Masalan Med. Store,Sainty Pharma,1
Turedoh Medicine Store,Guangdong Medicine & Health Products,1
Good Neighbor Medicine Store,Guangdong Medicine & Health Products,0
J.B. Medicine Store,Guangdong Medicine & Health Products,1
Masiva Medicine Store,Lupin Limited,0
Turedoh Medicine Store,Guangdong Medicine & Health Products,0
Maima Medicine Store,Lupin Limited,1
Sham Pharmacy,Sainty Pharma,1
Frances Retail Pharmacy,Lupin Limited,0
Sis. E. Medicine Store,Guangdong Medicine & Health Products,0
Turedoh Medicine Store,Guangdong Medicine & Health Products,1
My Vision Medicine Store,Sainty Pharma,0
By Faith Med. Store,Lupin Limited,0
Unison Medicine Store,Sainty Pharma,1
Ganta United Methodist Hosp.,Lupin Limited,0
Masalan Med. Store,Guangdong Medicine & Health Products,1
Blessing Medicine Store,Guangdong Medicine & Health Products,1
B.N. Togbah Medicine Store,Guangdong Medicine & Health Products,0
My Vision Medicine Store,Lupin Limited,0
MCW Healthcare [P] Ltd.,Guangdong Medicine & Health Products,0
Frances Retail Pharmacy,Lupin Limited,1
J.B. Medicine Store,Sainty Pharma,0
T-Medicine Store,Sainty Pharma,1
Frances Retail Pharmacy,Sainty Pharma,1
Masalan Med. Store,Sainty Pharma,0
Ganta United Methodist Hosp.,Sainty Pharma,1
A.D.D. Medicine Store,Guangdong Medicine & Health Products,0
Dahn Younwat's Retail Pharmacy,Guangdong Medicine & Health Products,1
Lemu Medicine Store,Sainty Pharma,0
Dahn Younwat's Retail Pharmacy,Lupin Limited,0
Dahn Younwat's Retail Pharmacy,Sainty Pharma,1
Masalan Med. Store,Guangdong Medicine & Health Products,0
MCW Healthcare [P] Ltd.,Guangdong Medicine & Health Products,1
M. Swaray Family Med. Store,Sainty Pharma,1
Masalan Med. Store,Sainty Pharma,1
Masiva Medicine Store,Lupin Limited,0
J.B. Medicine Store,Sainty Pharma,1
Masalan Med. Store,Lupin Limited,0
Masiva Medicine Store,Guangdong Medicine & Health Products,1
Sis. E. Medicine Store,Guangdong Medicine & Health Products,0
Sham Pharmacy,Sainty Pharma,1
Ali's Pharmaceuticals,Lupin Limited,0
Dahn Younwat's Retail Pharmacy,Lupin Limited,0
Frances Retail Pharmacy,Sainty Pharma,1
Ganta United Methodist Hosp.,Lupin Limited,1
Frances Retail Pharmacy,Lupin Limited,1
Good Neighbor Medicine Store,Guangdong Medicine & Health Products,0
Ganta United Methodist Hosp.,Sainty Pharma,0
Sham Pharmacy,Sainty Pharma,1
A.D.D. Medicine Store,Lupin Limited,1
Blessing Medicine Store,Guangdong Medicine & Health Products,0
M. Swaray Family Med. Store,Guangdong Medicine & Health Products,0
Maima Medicine Store,Guangdong Medicine & Health Products,0
Masalan Med. Store,Lupin Limited,1
Good Neighbor Medicine Store,Guangdong Medicine & Health Products,0
A.D.D. Medicine Store,Guangdong Medicine & Health Products,0
Good Neighbor Medicine Store,Guangdong Medicine & Health Products,1
Ganta United Methodist Hosp.,Guangdong Medicine & Health Products,0
Ganta United Methodist Hosp.,Guangdong Medicine & Health Products,1
A.D.D. Medicine Store,Lupin Limited,0
Blessing Medicine Store,Guangdong Medicine & Health Products,0
MCW Healthcare [P] Ltd.,Guangdong Medicine & Health Products,1
Masiva Medicine Store,Sainty Pharma,1
Unison Medicine Store,Guangdong Medicine & Health Products,0
Frances Retail Pharmacy,Lupin Limited,0
Ali's Pharmaceuticals,Sainty Pharma,1
Ali's Pharmaceuticals,Guangdong Medicine & Health Products,1
Lemu Medicine Store,Sainty Pharma,1
MCW Healthcare [P] Ltd.,Sainty Pharma,1
M. Swaray Family Med. Store,Lupin Limited,0
Maima Medicine Store,Guangdong Medicine & Health Products,0
Ganta United Methodist Hosp.,Guangdong Medicine & Health Products,1
M. Swaray Family Med. Store,Guangdong Medicine & Health Products,0
A.D.D. Medicine Store,Lupin Limited,1
Ali's Pharmaceuticals,Sainty Pharma,1
J.B. Medicine Store,Sainty Pharma,0
J.B. Medicine Store,Sainty Pharma,1
A.D.D. Medicine Store,Lupin Limited,1
B.N. Togbah Medicine Store,Guangdong Medicine & Health Products,0
Frances Retail Pharmacy,Lupin Limited,1
Sis. E. Medicine Store,Guangdong Medicine & Health Products,1
Maima Medicine Store,Lupin Limited,0
J.B. Medicine Store,Sainty Pharma,1
M. Swaray Family Med. Store,Sainty Pharma,1
MCW Healthcare [P] Ltd.,Sainty Pharma,1
Frances Retail Pharmacy,Lupin Limited,0
My Vision Medicine Store,Lupin Limited,0
My Vision Medicine Store,Guangdong Medicine & Health Products,0
Sis. E. Medicine Store,Guangdong Medicine & Health Products,0
Sham Pharmacy,Sainty Pharma,1
Lofa Medicine Store,Sainty Pharma,0
A.D.D. Medicine Store,Lupin Limited,0
Unison Medicine Store,Sainty Pharma,0
Blessing Medicine Store,Guangdong Medicine & Health Products,1
Blessing Medicine Store,Guangdong Medicine & Health Products,1
Unison Medicine Store,Sainty Pharma,1
Lofa Medicine Store,Sainty Pharma,0
Maima Medicine Store,Lupin Limited,1
T-Medicine Store,Lupin Limited,1
Masalan Med. Store,Lupin Limited,1
J.B. Medicine Store,Sainty Pharma,1
Frances Retail Pharmacy,Lupin Limited,1
Sis. E. Medicine Store,Guangdong Medicine & Health Products,1
Ganta United Methodist Hosp.,Lupin Limited,1
Sis. E. Medicine Store,Guangdong Medicine & Health Products,1
Sis. E. Medicine Store,Guangdong Medicine & Health Products,0
Blessing Medicine Store,Sainty Pharma,0
Frances Retail Pharmacy,Lupin Limited,1
Lemu Medicine Store,Sainty Pharma,0
J.B. Medicine Store,Sainty Pharma,0
T-Medicine Store,Lupin Limited,0
My Vision Medicine Store,Lupin Limited,0
M. Swaray Family Med. Store,Lupin Limited,0
Sham Pharmacy,Guangdong Medicine & Health Products,1
My Vision Medicine Store,Lupin Limited,1
By Faith Med. Store,Guangdong Medicine & Health Products,0
Ali's Pharmaceuticals,Guangdong Medicine & Health Products,0
Lemu Medicine Store,Sainty Pharma,1
By Faith Med. Store,Sainty Pharma,0
Masalan Med. Store,Sainty Pharma,1
Masalan Med. Store,Guangdong Medicine & Health Products,0
A.D.D. Medicine Store,Sainty Pharma,0
Sham Pharmacy,Sainty Pharma,1
MCW Healthcare [P] Ltd.,Sainty Pharma,1
M. Swaray Family Med. Store,Sainty Pharma,1
Maima Medicine Store,Lupin Limited,0
Turedoh Medicine Store,Guangdong Medicine & Health Products,1
Unison Medicine Store,Guangdong Medicine & Health Products,1
Turedoh Medicine Store,Guangdong Medicine & Health Products,0
B.N. Togbah Medicine Store,Lupin Limited,0
Blessing Medicine Store,Guangdong Medicine & Health Products,0
Lofa Medicine Store,Sainty Pharma,1
My Vision Medicine Store,Sainty Pharma,1
Sis. E. Medicine Store,Guangdong Medicine & Health Products,1
A.D.D. Medicine Store,Lupin Limited,1
MCW Healthcare [P] Ltd.,Guangdong Medicine & Health Products,1
Blessing Medicine Store,Guangdong Medicine & Health Products,1
My Vision Medicine Store,Lupin Limited,0
Lofa Medicine Store,Sainty Pharma,1
Masalan Med. Store,Lupin Limited,0
M. Swaray Family Med. Store,Lupin Limited,0
Good Neighbor Medicine Store,Guangdong Medicine & Health Products,1
Sham Pharmacy,Guangdong Medicine & Health Products,0
B.N. Togbah Medicine Store,Lupin Limited,0
By Faith Med. Store,Sainty Pharma,1
MCW Healthcare [P] Ltd.,Guangdong Medicine & Health Products,0
Masiva Medicine Store,Guangdong Medicine & Health Products,0
Maima Medicine Store,Lupin Limited,0
Blessing Medicine Store,Guangdong Medicine & Health Products,0
Good Neighbor Medicine Store,Guangdong Medicine & Health Products,1
B.N. Togbah Medicine Store,Lupin Limited,0
Frances Retail Pharmacy,Lupin Limited,0
Turedoh Medicine Store,Guangdong Medicine & Health Products,0
Turedoh Medicine Store,Guangdong Medicine & Health Products,0
Sham Pharmacy,Lupin Limited,0
A.D.D. Medicine Store,Lupin Limited,0
Turedoh Medicine Store,Guangdong Medicine & Health Products,0
A.D.D. Medicine Store,Lupin Limited,0
Ali's Pharmaceuticals,Sainty Pharma,1
Maima Medicine Store,Lupin Limited,1
Ali's Pharmaceuticals,Lupin Limited,0
Sis. E. Medicine Store,Guangdong Medicine & Health Products,1
By Faith Med. Store,Sainty Pharma,1
Masiva Medicine Store,Guangdong Medicine & Health Products,1
Sham Pharmacy,Guangdong Medicine & Health Products,1
MCW Healthcare [P] Ltd.,Guangdong Medicine & Health Products,0
Blessing Medicine Store,Guangdong Medicine & Health Products,0
Unison Medicine Store,Lupin Limited,0
Ali's Pharmaceuticals,Sainty Pharma,1
Sham Pharmacy,Sainty Pharma,1
My Vision Medicine Store,Lupin Limited,0
Masiva Medicine Store,Guangdong Medicine & Health Products,0
T-Medicine Store,Lupin Limited,1
M. Swaray Family Med. Store,Sainty Pharma,0
Masalan Med. Store,Sainty Pharma,0
Good Neighbor Medicine Store,Guangdong Medicine & Health Products,0
MCW Healthcare [P] Ltd.,Guangdong Medicine & Health Products,1
By Faith Med. Store,Sainty Pharma,0
Sham Pharmacy,Guangdong Medicine & Health Products,0
J.B. Medicine Store,Lupin Limited,1
My Vision Medicine Store,Sainty Pharma,0
Ali's Pharmaceuticals,Sainty Pharma,0
Ali's Pharmaceuticals,Sainty Pharma,1
Sis. E. Medicine Store,Guangdong Medicine & Health Products,0
My Vision Medicine Store,Sainty Pharma,1
Frances Retail Pharmacy,Lupin Limited,1
J.B. Medicine Store,Lupin Limited,1
Unison Medicine Store,Guangdong Medicine & Health Products,1
J.B. Medicine Store,Guangdong Medicine & Health Products,0
A.D.D. Medicine Store,Lupin Limited,1
M. Swaray Family Med. Store,Lupin Limited,0
Turedoh Medicine Store,Guangdong Medicine & Health Products,1
By Faith Med. Store,Sainty Pharma,1
A.D.D. Medicine Store,Lupin Limited,0
Sis. E. Medicine Store,Guangdong Medicine & Health Products,0
Blessing Medicine Store,Guangdong Medicine & Health Products,0
Frances Retail Pharmacy,Lupin Limited,1
Sis. E. Medicine Store,Sainty Pharma,1
Masiva Medicine Store,Guangdong Medicine & Health Products,0
Maima Medicine Store,Guangdong Medicine & Health Products,0
Frances Retail Pharmacy,Lupin Limited,1
Masalan Med. Store,Guangdong Medicine & Health Products,0
Turedoh Medicine Store,Guangdong Medicine & Health Products,1
T-Medicine Store,Lupin Limited,0
Masiva Medicine Store,Guangdong Medicine & Health Products,0
Turedoh Medicine Store,Guangdong Medicine & Health Products,1
Frances Retail Pharmacy,Lupin Limited,0
Dahn Younwat's Retail Pharmacy,Guangdong Medicine & Health Products,1
Lofa Medicine Store,Sainty Pharma,1
By Faith Med. Store,Lupin Limited,1
Turedoh Medicine Store,Guangdong Medicine & Health Products,1
Ganta United Methodist Hosp.,Lupin Limited,0
Lofa Medicine Store,Sainty Pharma,1
J.B. Medicine Store,Sainty Pharma,1
Blessing Medicine Store,Guangdong Medicine & Health Products,0
Sis. E. Medicine Store,Guangdong Medicine & Health Products,1
J.B. Medicine Store,Guangdong Medicine & Health Products,1
T-Medicine Store,Lupin Limited,1
Frances Retail Pharmacy,Lupin Limited,1
Ali's Pharmaceuticals,Guangdong Medicine & Health Products,0
J.B. Medicine Store,Sainty Pharma,1
My Vision Medicine Store,Sainty Pharma,0
B.N. Togbah Medicine Store,Guangdong Medicine & Health Products,1
Lofa Medicine Store,Sainty Pharma,0
Frances Retail Pharmacy,Lupin Limited,0
Turedoh Medicine Store,Guangdong Medicine & Health Products,0
Masiva Medicine Store,Sainty Pharma,1
A.D.D. Medicine Store,Guangdong Medicine & Health Products,1
Ali's Pharmaceuticals,Guangdong Medicine & Health Products,1
Unison Medicine Store,Lupin Limited,0
Lemu Medicine Store,Sainty Pharma,1
A.D.D. Medicine Store,Lupin Limited,0
MCW Healthcare [P] Ltd.,Guangdong Medicine & Health Products,1
Frances Retail Pharmacy,Lupin Limited,1
B.N. Togbah Medicine Store,Guangdong Medicine & Health Products,0
Turedoh Medicine Store,Guangdong Medicine & Health Products,0
MCW Healthcare [P] Ltd.,Guangdong Medicine & Health Products,0
T-Medicine Store,Lupin Limited,1
Frances Retail Pharmacy,Lupin Limited,0
Ali's Pharmaceuticals,Guangdong Medicine & Health Products,0
Ali's Pharmaceuticals,Guangdong Medicine & Health Products,1
Ganta United Methodist Hosp.,Lupin Limited,1
Ali's Pharmaceuticals,Guangdong Medicine & Health Products,1
Turedoh Medicine Store,Sainty Pharma,1
Maima Medicine Store,Lupin Limited,1
Masalan Med. Store,Lupin Limited,0
J.B. Medicine Store,Guangdong Medicine & Health Products,0
Sis. E. Medicine Store,Guangdong Medicine & Health Products,1
Maima Medicine Store,Lupin Limited,1
Masalan Med. Store,Guangdong Medicine & Health Products,0
Masiva Medicine Store,Guangdong Medicine & Health Products,1
Good Neighbor Medicine Store,Guangdong Medicine & Health Products,0
Ganta United Methodist Hosp.,Guangdong Medicine & Health Products,1
M. Swaray Family Med. Store,Lupin Limited,0
Lemu Medicine Store,Sainty Pharma,0
Masalan Med. Store,Guangdong Medicine & Health Products,1
Blessing Medicine Store,Guangdong Medicine & Health Products,1
Good Neighbor Medicine Store,Guangdong Medicine & Health Products,0
Lofa Medicine Store,Lupin Limited,1
MCW Healthcare [P] Ltd.,Guangdong Medicine & Health Products,1
Sham Pharmacy,Guangdong Medicine & Health Products,1
Unison Medicine Store,Lupin Limited,0
My Vision Medicine Store,Lupin Limited,0
By Faith Med. Store,Sainty Pharma,1
Masiva Medicine Store,Guangdong Medicine & Health Products,0
My Vision Medicine Store,Lupin Limited,0
A.D.D. Medicine Store,Lupin Limited,1
Maima Medicine Store,Lupin Limited,1
By Faith Med. Store,Guangdong Medicine & Health Products,1
Ali's Pharmaceuticals,Sainty Pharma,0
My Vision Medicine Store,Sainty Pharma,0
Blessing Medicine Store,Guangdong Medicine & Health Products,0
MCW Healthcare [P] Ltd.,Sainty Pharma,0
Turedoh Medicine Store,Guangdong Medicine & Health Products,1
A.D.D. Medicine Store,Lupin Limited,0
Good Neighbor Medicine Store,Guangdong Medicine & Health Products,0
Lemu Medicine Store,Sainty Pharma,1
Ali's Pharmaceuticals,Sainty Pharma,0
B.N. Togbah Medicine Store,Guangdong Medicine & Health Products,1
Ali's Pharmaceuticals,Sainty Pharma,0
Sis. E. Medicine Store,Guangdong Medicine & Health Products,1
B.N. Togbah Medicine Store,Guangdong Medicine & Health Products,1
T-Medicine Store,Guangdong Medicine & Health Products,1
Ganta United Methodist Hosp.,Sainty Pharma,1
By Faith Med. Store,Lupin Limited,0
Ali's Pharmaceuticals,Sainty Pharma,1
Good Neighbor Medicine Store,Guangdong Medicine & Health Products,0
B.N. Togbah Medicine Store,Guangdong Medicine & Health Products,1
Maima Medicine Store,Lupin Limited,0
Masalan Med. Store,Lupin Limited,0
Good Neighbor Medicine Store,Lupin Limited,0
Unison Medicine Store,Guangdong Medicine & Health Products,0
T-Medicine Store,Lupin Limited,1
Sis. E. Medicine Store,Sainty Pharma,1
Dahn Younwat's Retail Pharmacy,Sainty Pharma,1
T-Medicine Store,Lupin Limited,1
Masiva Medicine Store,Guangdong Medicine & Health Products,0
Blessing Medicine Store,Guangdong Medicine & Health Products,0
Ali's Pharmaceuticals,Guangdong Medicine & Health Products,0
MCW Healthcare [P] Ltd.,Guangdong Medicine & Health Products,0
MCW Healthcare [P] Ltd.,Sainty Pharma,1
Dahn Younwat's Retail Pharmacy,Guangdong Medicine & Health Products,1
J.B. Medicine Store,Sainty Pharma,0
Masalan Med. Store,Sainty Pharma,0
M. Swaray Family Med. Store,Lupin Limited,1
Masalan Med. Store,Guangdong Medicine & Health Products,1
Unison Medicine Store,Guangdong Medicine & Health Products,0
T-Medicine Store,Lupin Limited,1
Blessing Medicine Store,Guangdong Medicine & Health Products,0
Sis. E. Medicine Store,Guangdong Medicine & Health Products,1
Lofa Medicine Store,Sainty Pharma,1
Lofa Medicine Store,Sainty Pharma,1
Sis. E. Medicine Store,Guangdong Medicine & Health Products,0
MCW Healthcare [P] Ltd.,Sainty Pharma,1
Lofa Medicine Store,Sainty Pharma,1
T-Medicine Store,Lupin Limited,1
Sis. E. Medicine Store,Guangdong Medicine & Health Products,1
Ali's Pharmaceuticals,Lupin Limited,0
M. Swaray Family Med. Store,Lupin Limited,1
M. Swaray Family Med. Store,Lupin Limited,0
Ali's Pharmaceuticals,Guangdong Medicine & Health Products,0
Unison Medicine Store,Guangdong Medicine & Health Products,1
My Vision Medicine Store,Lupin Limited,0
Sham Pharmacy,Guangdong Medicine & Health Products,1
Ganta United Methodist Hosp.,Lupin Limited,1
My Vision Medicine Store,Lupin Limited,1
MCW Healthcare [P] Ltd.,Sainty Pharma,1
Lofa Medicine Store,Sainty Pharma,1
Turedoh Medicine Store,Guangdong Medicine & Health Products,0
Dahn Younwat's Retail Pharmacy,Guangdong Medicine & Health Products,1
Dahn Younwat's Retail Pharmacy,Guangdong Medicine & Health Products,1
Good Neighbor Medicine Store,Guangdong Medicine & Health Products,0
Blessing Medicine Store,Guangdong Medicine & Health Products,1
Dahn Younwat's Retail Pharmacy,Lupin Limited,0
Blessing Medicine Store,Guangdong Medicine & Health Products,1
Lofa Medicine Store,Sainty Pharma,1
A.D.D. Medicine Store,Lupin Limited,1
Blessing Medicine Store,Guangdong Medicine & Health Products,0
By Faith Med. Store,Sainty Pharma,1
My Vision Medicine Store,Lupin Limited,0
Masalan Med. Store,Guangdong Medicine & Health Products,0
Blessing Medicine Store,Guangdong Medicine & Health Products,1
T-Medicine Store,Guangdong Medicine & Health Products,0
Turedoh Medicine Store,Guangdong Medicine & Health Products,0
J.B. Medicine Store,Sainty Pharma,1
Lofa Medicine Store,Sainty Pharma,1
Masalan Med. Store,Sainty Pharma,1
By Faith Med. Store,Sainty Pharma,1
MCW Healthcare [P] Ltd.,Guangdong Medicine & Health Products,0
Unison Medicine Store,Sainty Pharma,1
Ganta United Methodist Hosp.,Lupin Limited,1
Sham Pharmacy,Lupin Limited,0
By Faith Med. Store,Lupin Limited,1
Lofa Medicine Store,Sainty Pharma,1
Frances Retail Pharmacy,Lupin Limited,0
Frances Retail Pharmacy,Lupin Limited,1
B.N. Togbah Medicine Store,Lupin Limited,0
Frances Retail Pharmacy,Sainty Pharma,1
Turedoh Medicine Store,Guangdong Medicine & Health Products,1
J.B. Medicine Store,Sainty Pharma,1
T-Medicine Store,Lupin Limited,0
Lofa Medicine Store,Sainty Pharma,1
T-Medicine Store,Lupin Limited,0
Sham Pharmacy,Sainty Pharma,1
T-Medicine Store,Lupin Limited,0
Frances Retail Pharmacy,Lupin Limited,0
Turedoh Medicine Store,Guangdong Medicine & Health Products,1
Good Neighbor Medicine Store,Guangdong Medicine & Health Products,0
Lofa Medicine Store,Sainty Pharma,1
M. Swaray Family Med. Store,Lupin Limited,0
Sham Pharmacy,Sainty Pharma,1
B.N. Togbah Medicine Store,Guangdong Medicine & Health Products,1
MCW Healthcare [P] Ltd.,Guangdong Medicine & Health Products,0
T-Medicine Store,Lupin Limited,0
MCW Healthcare [P] Ltd.,Sainty Pharma,1
Ganta United Methodist Hosp.,Lupin Limited,1
Maima Medicine Store,Guangdong Medicine & Health Products,0
Frances Retail Pharmacy,Lupin Limited,1
T-Medicine Store,Lupin Limited,1
Sis. E. Medicine Store,Guangdong Medicine & Health Products,0
B.N. Togbah Medicine Store,Guangdong Medicine & Health Products,1
M. Swaray Family Med. Store,Guangdong Medicine & Health Products,0
Lemu Medicine Store,Sainty Pharma,0
By Faith Med. Store,Guangdong Medicine & Health Products,1
Masiva Medicine Store,Lupin Limited,1
Unison Medicine Store,Guangdong Medicine & Health Products,1
My Vision Medicine Store,Lupin Limited,0
Sham Pharmacy,Guangdong Medicine & Health Products,1
Ali's Pharmaceuticals,Guangdong Medicine & Health Products,0
My Vision Medicine Store,Sainty Pharma,0
Sis. E. Medicine Store,Guangdong Medicine & Health Products,0
Good Neighbor Medicine Store,Guangdong Medicine & Health Products,0
Masiva Medicine Store,Guangdong Medicine & Health Products,0
Dahn Younwat's Retail Pharmacy,Guangdong Medicine & Health Products,0
My Vision Medicine Store,Lupin Limited,0
Unison Medicine Store,Guangdong Medicine & Health Products,1
Sis. E. Medicine Store,Guangdong Medicine & Health Products,1
Turedoh Medicine Store,Guangdong Medicine & Health Products,0
Unison Medicine Store,Lupin Limited,1
M. Swaray Family Med. Store,Sainty Pharma,0
Lemu Medicine Store,Sainty Pharma,0
Sis. E. Medicine Store,Guangdong Medicine & Health Products,0
A.D.D. Medicine Store,Guangdong Medicine & Health Products,1
Ali's Pharmaceuticals,Guangdong Medicine & Health Products,0
B.N. Togbah Medicine Store,Guangdong Medicine & Health Products,1
Good Neighbor Medicine Store,Guangdong Medicine & Health Products,0
Ali's Pharmaceuticals,Guangdong Medicine & Health Products,0
Turedoh Medicine Store,Guangdong Medicine & Health Products,1
Sham Pharmacy,Lupin Limited,0
Dahn Younwat's Retail Pharmacy,Guangdong Medicine & Health Products,1
Frances Retail Pharmacy,Sainty Pharma,1
Ganta United Methodist Hosp.,Guangdong Medicine & Health Products,1
By Faith Med. Store,Sainty Pharma,0
Blessing Medicine Store,Guangdong Medicine & Health Products,1
T-Medicine Store,Sainty Pharma,0
Masalan Med. Store,Guangdong Medicine & Health Products,0
Lemu Medicine Store,Sainty Pharma,0
Lemu Medicine Store,Sainty Pharma,1
Ganta United Methodist Hosp.,Lupin Limited,0
By Faith Med. Store,Sainty Pharma,1
Sham Pharmacy,Guangdong Medicine & Health Products,1
Sham Pharmacy,Guangdong Medicine & Health Products,0
A.D.D. Medicine Store,Lupin Limited,0
Frances Retail Pharmacy,Lupin Limited,0
T-Medicine Store,Lupin Limited,0
Maima Medicine Store,Lupin Limited,0
Frances Retail Pharmacy,Lupin Limited,1
A.D.D. Medicine Store,Lupin Limited,1
Turedoh Medicine Store,Guangdong Medicine & Health Products,1
Masalan Med. Store,Lupin Limited,0
M. Swaray Family Med. Store,Sainty Pharma,0
M. Swaray Family Med. Store,Lupin Limited,0
Masiva Medicine Store,Lupin Limited,0
Sis. E. Medicine Store,Guangdong Medicine & Health Products,1
My Vision Medicine Store,Sainty Pharma,1
Sham Pharmacy,Sainty Pharma,1
Lemu Medicine Store,Sainty Pharma,1
J.B. Medicine Store,Sainty Pharma,0
Good Neighbor Medicine Store,Guangdong Medicine & Health Products,0
Maima Medicine Store,Lupin Limited,0
By Faith Med. Store,Sainty Pharma,0
My Vision Medicine Store,Lupin Limited,0
B.N. Togbah Medicine Store,Guangdong Medicine & Health Products,1
Sis. E. Medicine Store,Guangdong Medicine & Health Products,1
M. Swaray Family Med. Store,Lupin Limited,0
My Vision Medicine Store,Sainty Pharma,1
Frances Retail Pharmacy,Lupin Limited,1
Masalan Med. Store,Guangdong Medicine & Health Products,0
A.D.D. Medicine Store,Lupin Limited,1
Dahn Younwat's Retail Pharmacy,Guangdong Medicine & Health Products,0
T-Medicine Store,Lupin Limited,0
A.D.D. Medicine Store,Guangdong Medicine & Health Products,0
T-Medicine Store,Guangdong Medicine & Health Products,0
B.N. Togbah Medicine Store,Guangdong Medicine & Health Products,1
Sis. E. Medicine Store,Guangdong Medicine & Health Products,0
Masiva Medicine Store,Guangdong Medicine & Health Products,0
Turedoh Medicine Store,Guangdong Medicine & Health Products,1
J.B. Medicine Store,Guangdong Medicine & Health Products,1
By Faith Med. Store,Lupin Limited,1
Maima Medicine Store,Lupin Limited,0
Masalan Med. Store,Lupin Limited,0
My Vision Medicine Store,Sainty Pharma,0
M. Swaray Family Med. Store,Lupin Limited,1
M. Swaray Family Med. Store,Lupin Limited,0
Maima Medicine Store,Lupin Limited,0
Turedoh Medicine Store,Guangdong Medicine & Health Products,0
J.B. Medicine Store,Guangdong Medicine & Health Products,1
Turedoh Medicine Store,Guangdong Medicine & Health Products,0
A.D.D. Medicine Store,Guangdong Medicine & Health Products,1
J.B. Medicine Store,Sainty Pharma,1
By Faith Med. Store,Lupin Limited,0
Maima Medicine Store,Lupin Limited,0
Unison Medicine Store,Lupin Limited,0
My Vision Medicine Store,Lupin Limited,0
Unison Medicine Store,Guangdong Medicine & Health Products,1
My Vision Medicine Store,Lupin Limited,0
Unison Medicine Store,Guangdong Medicine & Health Products,1
Ali's Pharmaceuticals,Guangdong Medicine & Health Products,1
Masalan Med. Store,Guangdong Medicine & Health Products,1
T-Medicine Store,Lupin Limited,0
By Faith Med. Store,Lupin Limited,0
By Faith Med. Store,Guangdong Medicine & Health Products,0
Masiva Medicine Store,Guangdong Medicine & Health Products,0
Sis. E. Medicine Store,Guangdong Medicine & Health Products,0
A.D.D. Medicine Store,Lupin Limited,1
Blessing Medicine Store,Guangdong Medicine & Health Products,0
Sis. E. Medicine Store,Guangdong Medicine & Health Products,0
J.B. Medicine Store,Sainty Pharma,0
Sis. E. Medicine Store,Guangdong Medicine & Health Products,0
Lofa Medicine Store,Lupin Limited,1
Dahn Younwat's Retail Pharmacy,Guangdong Medicine & Health Products,1
Turedoh Medicine Store,Guangdong Medicine & Health Products,0
MCW Healthcare [P] Ltd.,Sainty Pharma,1
A.D.D. Medicine Store,Sainty Pharma,0
Sham Pharmacy,Guangdong Medicine & Health Products,0
Sis. E. Medicine Store,Guangdong Medicine & Health Products,0
J.B. Medicine Store,Sainty Pharma,0
Ali's Pharmaceuticals,Guangdong Medicine & Health Products,1
Masalan Med. Store,Lupin Limited,0
M. Swaray Family Med. Store,Lupin Limited,0
Lemu Medicine Store,Sainty Pharma,1
Ali's Pharmaceuticals,Sainty Pharma,1
Frances Retail Pharmacy,Lupin Limited,1
Good Neighbor Medicine Store,Guangdong Medicine & Health Products,0
Unison Medicine Store,Guangdong Medicine & Health Products,1
Lofa Medicine Store,Sainty Pharma,1
Sham Pharmacy,Guangdong Medicine & Health Products,0
Sham Pharmacy,Sainty Pharma,1
Good Neighbor Medicine Store,Guangdong Medicine & Health Products,1
Masiva Medicine Store,Guangdong Medicine & Health Products,0
T-Medicine Store,Lupin Limited,0
T-Medicine Store,Lupin Limited,1
J.B. Medicine Store,Sainty Pharma,1
M. Swaray Family Med. Store,Sainty Pharma,1
Ali's Pharmaceuticals,Sainty Pharma,1
By Faith Med. Store,Lupin Limited,0
Good Neighbor Medicine Store,Guangdong Medicine & Health Products,1
Frances Retail Pharmacy,Lupin Limited,0
B.N. Togbah Medicine Store,Guangdong Medicine & Health Products,0
Turedoh Medicine Store,Guangdong Medicine & Health Products,1
Ali's Pharmaceuticals,Guangdong Medicine & Health Products,0
Maima Medicine Store,Sainty Pharma,1
MCW Healthcare [P] Ltd.,Sainty Pharma,1
Lofa Medicine Store,Sainty Pharma,1
Ganta United Methodist Hosp.,Guangdong Medicine & Health Products,1
Lofa Medicine Store,Sainty Pharma,1
M. Swaray Family Med. Store,Lupin Limited,0
Ganta United Methodist Hosp.,Lupin Limited,1
Masiva Medicine Store,Lupin Limited,0
Lemu Medicine Store,Sainty Pharma,1
Lemu Medicine Store,Sainty Pharma,1
Blessing Medicine Store,Guangdong Medicine & Health Products,0
Unison Medicine Store,Sainty Pharma,0
Masalan Med. Store,Lupin Limited,0
Maima Medicine Store,Lupin Limited,0
MCW Healthcare [P] Ltd.,Guangdong Medicine & Health Products,1
Masiva Medicine Store,Guangdong Medicine & Health Products,1
Ali's Pharmaceuticals,Sainty Pharma,1
Good Neighbor Medicine Store,Guangdong Medicine & Health Products,0
By Faith Med. Store,Guangdong Medicine & Health Products,1
My Vision Medicine Store,Sainty Pharma,0
Lemu Medicine Store,Sainty Pharma,0
Good Neighbor Medicine Store,Guangdong Medicine & Health Products,0
Sis. E. Medicine Store,Guangdong Medicine & Health Products,1
Frances Retail Pharmacy,Lupin Limited,0
Good Neighbor Medicine Store,Guangdong Medicine & Health Products,0
Blessing Medicine Store,Guangdong Medicine & Health Products,0
Frances Retail Pharmacy,Lupin Limited,1
Good Neighbor Medicine Store,Guangdong Medicine & Health Products,1
Ali's Pharmaceuticals,Lupin Limited,1
T-Medicine Store,Sainty Pharma,1
Sham Pharmacy,Sainty Pharma,0
Unison Medicine Store,Sainty Pharma,1
Frances Retail Pharmacy,Lupin Limited,1
Sis. E. Medicine Store,Guangdong Medicine & Health Products,0
Ganta United Methodist Hosp.,Guangdong Medicine & Health Products,0
Unison Medicine Store,Guangdong Medicine & Health Products,1
My Vision Medicine Store,Sainty Pharma,1
Ganta United Methodist Hosp.,Sainty Pharma,1
Sis. E. Medicine Store,Guangdong Medicine & Health Products,0
M. Swaray Family Med. Store,Lupin Limited,0
MCW Healthcare [P] Ltd.,Guangdong Medicine & Health Products,1
Ganta United Methodist Hosp.,Sainty Pharma,1
Dahn Younwat's Retail Pharmacy,Sainty Pharma,0
By Faith Med. Store,Sainty Pharma,1
Frances Retail Pharmacy,Lupin Limited,1
Lofa Medicine Store,Lupin Limited,0
A.D.D. Medicine Store,Sainty Pharma,1
MCW Healthcare [P] Ltd.,Sainty Pharma,1
Frances Retail Pharmacy,Lupin Limited,0
T-Medicine Store,Guangdong Medicine & Health Products,0
Unison Medicine Store,Sainty Pharma,1
J.B. Medicine Store,Sainty Pharma,1
Blessing Medicine Store,Guangdong Medicine & Health Products,0
Turedoh Medicine Store,Guangdong Medicine & Health Products,0
Masiva Medicine Store,Guangdong Medicine & Health Products,0
Frances Retail Pharmacy,Lupin Limited,0
J.B. Medicine Store,Sainty Pharma,0
By Faith Med. Store,Guangdong Medicine & Health Products,0
Sham Pharmacy,Lupin Limited,0
Good Neighbor Medicine Store,Guangdong Medicine & Health Products,0
Lemu Medicine Store,Sainty Pharma,1
Masiva Medicine Store,Guangdong Medicine & Health Products,0
Masiva Medicine Store,Guangdong Medicine & Health Products,1
Blessing Medicine Store,Guangdong Medicine & Health Products,0
Lemu Medicine Store,Sainty Pharma,1
M. Swaray Family Med. Store,Guangdong Medicine & Health Products,0
Turedoh Medicine Store,Guangdong Medicine & Health Products,0
Ganta United Methodist Hosp.,Guangdong Medicine & Health Products,1
Maima Medicine Store,Guangdong Medicine & Health Products,1
Turedoh Medicine Store,Guangdong Medicine & Health Products,0
Dahn Younwat's Retail Pharmacy,Sainty Pharma,1
My Vision Medicine Store,Lupin Limited,1
Turedoh Medicine Store,Guangdong Medicine & Health Products,1
Good Neighbor Medicine Store,Guangdong Medicine & Health Products,0
A.D.D. Medicine Store,Lupin Limited,0
B.N. Togbah Medicine Store,Lupin Limited,1
Turedoh Medicine Store,Guangdong Medicine & Health Products,0
Unison Medicine Store,Lupin Limited,0
Masalan Med. Store,Guangdong Medicine & Health Products,0
MCW Healthcare [P] Ltd.,Guangdong Medicine & Health Products,0
My Vision Medicine Store,Sainty Pharma,1
B.N. Togbah Medicine Store,Guangdong Medicine & Health Products,1
A.D.D. Medicine Store,Lupin Limited,0
Maima Medicine Store,Lupin Limited,0
M. Swaray Family Med. Store,Lupin Limited,0
Lofa Medicine Store,Sainty Pharma,1
Lemu Medicine Store,Sainty Pharma,0
Masiva Medicine Store,Guangdong Medicine & Health Products,1
J.B. Medicine Store,Sainty Pharma,1
Turedoh Medicine Store,Guangdong Medicine & Health Products,0
Lofa Medicine Store,Sainty Pharma,1
T-Medicine Store,Lupin Limited,0
Lemu Medicine Store,Sainty Pharma,1
Dahn Younwat's Retail Pharmacy,Guangdong Medicine & Health Products,0
By Faith Med. Store,Sainty Pharma,1
M. Swaray Family Med. Store,Lupin Limited,0
Maima Medicine Store,Lupin Limited,0
J.B. Medicine Store,Sainty Pharma,1
Masalan Med. Store,Lupin Limited,1
Sham Pharmacy,Sainty Pharma,0
Masalan Med. Store,Guangdong Medicine & Health Products,0
Frances Retail Pharmacy,Lupin Limited,1
Unison Medicine Store,Sainty Pharma,0
Frances Retail Pharmacy,Lupin Limited,1
Sis. E. Medicine Store,Guangdong Medicine & Health Products,1
Lofa Medicine Store,Sainty Pharma,1
Dahn Younwat's Retail Pharmacy,Lupin Limited,1
Ganta United Methodist Hosp.,Guangdong Medicine & Health Products,1
By Faith Med. Store,Guangdong Medicine & Health Products,1
Frances Retail Pharmacy,Sainty Pharma,1
Turedoh Medicine Store,Guangdong Medicine & Health Products,1
Sis. E. Medicine Store,Guangdong Medicine & Health Products,1
Masiva Medicine Store,Guangdong Medicine & Health Products,0
Masalan Med. Store,Sainty Pharma,1
Sis. E. Medicine Store,Guangdong Medicine & Health Products,1
Masiva Medicine Store,Lupin Limited,1
Ganta United Methodist Hosp.,Lupin Limited,1
Masiva Medicine Store,Lupin Limited,0
Lemu Medicine Store,Sainty Pharma,1
Ganta United Methodist Hosp.,Lupin Limited,0
Turedoh Medicine Store,Guangdong Medicine & Health Products,1
My Vision Medicine Store,Sainty Pharma,0
Frances Retail Pharmacy,Lupin Limited,0
Maima Medicine Store,Lupin Limited,0
MCW Healthcare [P] Ltd.,Guangdong Medicine & Health Products,0
A.D.D. Medicine Store,Lupin Limited,0
J.B. Medicine Store,Sainty Pharma,0
B.N. Togbah Medicine Store,Lupin Limited,0
By Faith Med. Store,Lupin Limited,0
Masalan Med. Store,Lupin Limited,0
Unison Medicine Store,Sainty Pharma,0
M. Swaray Family Med. Store,Lupin Limited,1
Masiva Medicine Store,Guangdong Medicine & Health Products,1
Sis. E. Medicine Store,Guangdong Medicine & Health Products,1
Unison Medicine Store,Sainty Pharma,0
Ganta United Methodist Hosp.,Lupin Limited,0
Dahn Younwat's Retail Pharmacy,Guangdong Medicine & Health Products,1
Sis. E. Medicine Store,Guangdong Medicine & Health Products,0
MCW Healthcare [P] Ltd.,Sainty Pharma,0
Masiva Medicine Store,Guangdong Medicine & Health Products,1
Sham Pharmacy,Sainty Pharma,1
Lofa Medicine Store,Sainty Pharma,1
A.D.D. Medicine Store,Guangdong Medicine & Health Products,0
Turedoh Medicine Store,Guangdong Medicine & Health Products,0
By Faith Med. Store,Sainty Pharma,1
T-Medicine Store,Lupin Limited,0
Maima Medicine Store,Lupin Limited,0
By Faith Med. Store,Sainty Pharma,0
A.D.D. Medicine Store,Lupin Limited,0
Good Neighbor Medicine Store,Guangdong Medicine & Health Products,0
Unison Medicine Store,Lupin Limited,0
Dahn Younwat's Retail Pharmacy,Guangdong Medicine & Health Products,1
Masiva Medicine Store,Guangdong Medicine & Health Products,0
Ali's Pharmaceuticals,Guangdong Medicine & Health Products,0
Sham Pharmacy,Sainty Pharma,0
Masiva Medicine Store,Guangdong Medicine & Health Products,1
Good Neighbor Medicine Store,Guangdong Medicine & Health Products,1
T-Medicine Store,Sainty Pharma,1
Lemu Medicine Store,Sainty Pharma,0
Blessing Medicine Store,Guangdong Medicine & Health Products,0
MCW Healthcare [P] Ltd.,Sainty Pharma,1
B.N. Togbah Medicine Store,Guangdong Medicine & Health Products,1
Dahn Younwat's Retail Pharmacy,Guangdong Medicine & Health Products,1
Sham Pharmacy,Sainty Pharma,1
B.N. Togbah Medicine Store,Lupin Limited,1
MCW Healthcare [P] Ltd.,Guangdong Medicine & Health Products,1
J.B. Medicine Store,Sainty Pharma,1
Ganta United Methodist Hosp.,Lupin Limited,1
Turedoh Medicine Store,Guangdong Medicine & Health Products,0
J.B. Medicine Store,Sainty Pharma,1
Ali's Pharmaceuticals,Guangdong Medicine & Health Products,0
T-Medicine Store,Lupin Limited,0
J.B. Medicine Store,Sainty Pharma,1
Unison Medicine Store,Sainty Pharma,0
T-Medicine Store,Lupin Limited,0
Blessing Medicine Store,Guangdong Medicine & Health Products,0
Dahn Younwat's Retail Pharmacy,Guangdong Medicine & Health Products,1
Sham Pharmacy,Guangdong Medicine & Health Products,0
Sham Pharmacy,Guangdong Medicine & Health Products,1
Dahn Younwat's Retail Pharmacy,Guangdong Medicine & Health Products,1
Dahn Younwat's Retail Pharmacy,Guangdong Medicine & Health Products,1
My Vision Medicine Store,Lupin Limited,0
A.D.D. Medicine Store,Lupin Limited,0
Good Neighbor Medicine Store,Guangdong Medicine & Health Products,0
Lemu Medicine Store,Sainty Pharma,0
J.B. Medicine Store,Guangdong Medicine & Health Products,0
Dahn Younwat's Retail Pharmacy,Lupin Limited,1
M. Swaray Family Med. Store,Lupin Limited,1
Blessing Medicine Store,Guangdong Medicine & Health Products,0
M. Swaray Family Med. Store,Sainty Pharma,1
MCW Healthcare [P] Ltd.,Guangdong Medicine & Health Products,1
Turedoh Medicine Store,Guangdong Medicine & Health Products,1
Frances Retail Pharmacy,Lupin Limited,1
T-Medicine Store,Lupin Limited,1
J.B. Medicine Store,Sainty Pharma,0
Turedoh Medicine Store,Guangdong Medicine & Health Products,1
Maima Medicine Store,Guangdong Medicine & Health Products,0
By Faith Med. Store,Sainty Pharma,0
B.N. Togbah Medicine Store,Guangdong Medicine & Health Products,1
Maima Medicine Store,Guangdong Medicine & Health Products,1
Sham Pharmacy,Sainty Pharma,1
Good Neighbor Medicine Store,Guangdong Medicine & Health Products,1
Sis. E. Medicine Store,Guangdong Medicine & Health Products,0
MCW Healthcare [P] Ltd.,Sainty Pharma,1
By Faith Med. Store,Guangdong Medicine & Health Products,0
By Faith Med. Store,Sainty Pharma,1
Unison Medicine Store,Guangdong Medicine & Health Products,1
Dahn Younwat's Retail Pharmacy,Sainty Pharma,1
Turedoh Medicine Store,Guangdong Medicine & Health Products,0
Blessing Medicine Store,Sainty Pharma,0
My Vision Medicine Store,Sainty Pharma,1
B.N. Togbah Medicine Store,Guangdong Medicine & Health Products,1
M. Swaray Family Med. Store,Lupin Limited,0
J.B. Medicine Store,Sainty Pharma,1
A.D.D. Medicine Store,Guangdong Medicine & Health Products,1
Frances Retail Pharmacy,Lupin Limited,1
MCW Healthcare [P] Ltd.,Guangdong Medicine & Health Products,0
Masalan Med. Store,Guangdong Medicine & Health Products,0
Frances Retail Pharmacy,Lupin Limited,1
Ali's Pharmaceuticals,Guangdong Medicine & Health Products,0
Unison Medicine Store,Guangdong Medicine & Health Products,1
MCW Healthcare [P] Ltd.,Guangdong Medicine & Health Products,1
Dahn Younwat's Retail Pharmacy,Guangdong Medicine & Health Products,0
MCW Healthcare [P] Ltd.,Sainty Pharma,0
Good Neighbor Medicine Store,Guangdong Medicine & Health Products,1
Sis. E. Medicine Store,Guangdong Medicine & Health Products,1
M. Swaray Family Med. Store,Guangdong Medicine & Health Products,0
Blessing Medicine Store,Guangdong Medicine & Health Products,1
M. Swaray Family Med. Store,Sainty Pharma,0
By Faith Med. Store,Guangdong Medicine & Health Products,1
Good Neighbor Medicine Store,Guangdong Medicine & Health Products,0
Lofa Medicine Store,Sainty Pharma,1
Lemu Medicine Store,Sainty Pharma,1
Good Neighbor Medicine Store,Guangdong Medicine & Health Products,1
B.N. Togbah Medicine Store,Guangdong Medicine & Health Products,0
Frances Retail Pharmacy,Lupin Limited,0
J.B. Medicine Store,Sainty Pharma,1
M. Swaray Family Med. Store,Lupin Limited,0
Lofa Medicine Store,Sainty Pharma,1
My Vision Medicine Store,Lupin Limited,0
Dahn Younwat's Retail Pharmacy,Guangdong Medicine & Health Products,1
MCW Healthcare [P] Ltd.,Sainty Pharma,0
Ganta United Methodist Hosp.,Lupin Limited,1
MCW Healthcare [P] Ltd.,Guangdong Medicine & Health Products,1
MCW Healthcare [P] Ltd.,Guangdong Medicine & Health Products,1
M. Swaray Family Med. Store,Lupin Limited,0
Good Neighbor Medicine Store,Guangdong Medicine & Health Products,0
Turedoh Medicine Store,Guangdong Medicine & Health Products,1
Maima Medicine Store,Guangdong Medicine & Health Products,0
My Vision Medicine Store,Sainty Pharma,0
Good Neighbor Medicine Store,Lupin Limited,0
Masiva Medicine Store,Guangdong Medicine & Health Products,0
Sis. E. Medicine Store,Guangdong Medicine & Health Products,0
B.N. Togbah Medicine Store,Lupin Limited,0
Good Neighbor Medicine Store,Guangdong Medicine & Health Products,0
Ali's Pharmaceuticals,Guangdong Medicine & Health Products,1
Dahn Younwat's Retail Pharmacy,Guangdong Medicine & Health Products,0
J.B. Medicine Store,Sainty Pharma,1
By Faith Med. Store,Sainty Pharma,1
Dahn Younwat's Retail Pharmacy,Lupin Limited,1
Lemu Medicine Store,Sainty Pharma,1
J.B. Medicine Store,Guangdong Medicine & Health Products,1
Ali's Pharmaceuticals,Guangdong Medicine & Health Products,0
Turedoh Medicine Store,Guangdong Medicine & Health Products,0
By Faith Med. Store,Sainty Pharma,1
Unison Medicine Store,Sainty Pharma,0
J.B. Medicine Store,Sainty Pharma,0
Turedoh Medicine Store,Sainty Pharma,0
Unison Medicine Store,Sainty Pharma,1
Sis. E. Medicine Store,Guangdong Medicine & Health Products,0
Unison Medicine Store,Lupin Limited,1
Good Neighbor Medicine Store,Guangdong Medicine & Health Products,1
J.B. Medicine Store,Lupin Limited,0
Sis. E. Medicine Store,Guangdong Medicine & Health Products,1
My Vision Medicine Store,Sainty Pharma,0
Sis. E. Medicine Store,Guangdong Medicine & Health Products,0
Good Neighbor Medicine Store,Guangdong Medicine & Health Products,0
J.B. Medicine Store,Sainty Pharma,1
Lofa Medicine Store,Sainty Pharma,1
M. Swaray Family Med. Store,Lupin Limited,0
Unison Medicine Store,Guangdong Medicine & Health Products,0
J.B. Medicine Store,Sainty Pharma,1
Lemu Medicine Store,Sainty Pharma,0
M. Swaray Family Med. Store,Lupin Limited,1
T-Medicine Store,Sainty Pharma,1
A.D.D. Medicine Store,Lupin Limited,0
MCW Healthcare [P] Ltd.,Guangdong Medicine & Health Products,1
Ganta United Methodist Hosp.,Lupin Limited,0
A.D.D. Medicine Store,Lupin Limited,0
A.D.D. Medicine Store,Lupin Limited,1
A.D.D. Medicine Store,Lupin Limited,0
Lemu Medicine Store,Sainty Pharma,1
Frances Retail Pharmacy,Lupin Limited,1
Good Neighbor Medicine Store,Guangdong Medicine & Health Products,0
Maima Medicine Store,Lupin Limited,0
My Vision Medicine Store,Lupin Limited,0
Unison Medicine Store,Guangdong Medicine & Health Products,0
My Vision Medicine Store,Sainty Pharma,1
MCW Healthcare [P] Ltd.,Guangdong Medicine & Health Products,0
J.B. Medicine Store,Sainty Pharma,1
T-Medicine Store,Lupin Limited,0
Lemu Medicine Store,Lupin Limited,0
Unison Medicine Store,Lupin Limited,1
Good Neighbor Medicine Store,Guangdong Medicine & Health Products,0
Frances Retail Pharmacy,Lupin Limited,1
MCW Healthcare [P] Ltd.,Sainty Pharma,0
Frances Retail Pharmacy,Lupin Limited,1
Unison Medicine Store,Guangdong Medicine & Health Products,0
Ali's Pharmaceuticals,Sainty Pharma,1
B.N. Togbah Medicine Store,Lupin Limited,1
Masiva Medicine Store,Sainty Pharma,0
Unison Medicine Store,Guangdong Medicine & Health Products,0
Turedoh Medicine Store,Guangdong Medicine & Health Products,1
MCW Healthcare [P] Ltd.,Guangdong Medicine & Health Products,1
A.D.D. Medicine Store,Lupin Limited,0
Blessing Medicine Store,Guangdong Medicine & Health Products,0
T-Medicine Store,Lupin Limited,0
Sham Pharmacy,Guangdong Medicine & Health Products,0
Lofa Medicine Store,Sainty Pharma,1
Good Neighbor Medicine Store,Guangdong Medicine & Health Products,0
MCW Healthcare [P] Ltd.,Sainty Pharma,0
Dahn Younwat's Retail Pharmacy,Sainty Pharma,1
Lofa Medicine Store,Sainty Pharma,1
A.D.D. Medicine Store,Sainty Pharma,1
Frances Retail Pharmacy,Lupin Limited,0
J.B. Medicine Store,Sainty Pharma,1
By Faith Med. Store,Sainty Pharma,1
Ali's Pharmaceuticals,Guangdong Medicine & Health Products,1
Lemu Medicine Store,Sainty Pharma,1
Turedoh Medicine Store,Guangdong Medicine & Health Products,1
B.N. Togbah Medicine Store,Lupin Limited,1
A.D.D. Medicine Store,Lupin Limited,1
J.B. Medicine Store,Sainty Pharma,0
Sis. E. Medicine Store,Sainty Pharma,1
B.N. Togbah Medicine Store,Guangdong Medicine & Health Products,0
Lofa Medicine Store,Lupin Limited,1
Masalan Med. Store,Guangdong Medicine & Health Products,0
Sham Pharmacy,Lupin Limited,0
T-Medicine Store,Lupin Limited,1
Ali's Pharmaceuticals,Guangdong Medicine & Health Products,1
Unison Medicine Store,Sainty Pharma,1
Sis. E. Medicine Store,Guangdong Medicine & Health Products,1
J.B. Medicine Store,Sainty Pharma,0
My Vision Medicine Store,Sainty Pharma,1
Sham Pharmacy,Guangdong Medicine & Health Products,1
Ali's Pharmaceuticals,Guangdong Medicine & Health Products,0
A.D.D. Medicine Store,Guangdong Medicine & Health Products,1
Ali's Pharmaceuticals,Guangdong Medicine & Health Products,0
Lemu Medicine Store,Sainty Pharma,0
Ali's Pharmaceuticals,Guangdong Medicine & Health Products,1
J.B. Medicine Store,Sainty Pharma,0
T-Medicine Store,Lupin Limited,0
My Vision Medicine Store,Guangdong Medicine & Health Products,0
Masalan Med. Store,Guangdong Medicine & Health Products,0
Maima Medicine Store,Lupin Limited,1
By Faith Med. Store,Sainty Pharma,0
M. Swaray Family Med. Store,Sainty Pharma,1
B.N. Togbah Medicine Store,Lupin Limited,1
By Faith Med. Store,Lupin Limited,0
MCW Healthcare [P] Ltd.,Sainty Pharma,1
Ali's Pharmaceuticals,Sainty Pharma,1
Sham Pharmacy,Guangdong Medicine & Health Products,0
A.D.D. Medicine Store,Lupin Limited,0
J.B. Medicine Store,Sainty Pharma,1
By Faith Med. Store,Sainty Pharma,0
Ali's Pharmaceuticals,Sainty Pharma,0
Turedoh Medicine Store,Guangdong Medicine & Health Products,1
Masiva Medicine Store,Guangdong Medicine & Health Products,1
Lemu Medicine Store,Sainty Pharma,0
My Vision Medicine Store,Lupin Limited,0
My Vision Medicine Store,Lupin Limited,0
Ganta United Methodist Hosp.,Guangdong Medicine & Health Products,1
Frances Retail Pharmacy,Lupin Limited,0
MCW Healthcare [P] Ltd.,Guangdong Medicine & Health Products,0
Turedoh Medicine Store,Guangdong Medicine & Health Products,0
